date,temperature.value,temperature.exclude,temperature.time,temperature.note,bleeding.value,bleeding.exclude,mucus.feeling,mucus.texture,mucus.value,mucus.exclude,cervix.opening,cervix.firmness,cervix.position,cervix.exclude,note.value,desire.value,sex.solo,sex.partner,sex.condom,sex.pill,sex.iud,sex.patch,sex.ring,sex.implant,sex.diaphragm,sex.none,sex.other,sex.note,pain.cramps,pain.ovulationPain,pain.headache,pain.backache,pain.nausea,pain.tenderBreasts,pain.migraine,pain.other,pain.note,mood.happy,mood.sad,mood.stressed,mood.balanced,mood.fine,mood.anxious,mood.energetic,mood.fatigue,mood.angry,mood.other,mood.note
2026-07-05,36.2,false,07:15,measured right after waking up,2,false,,,,,,,,,,,,,,,,,,,,,,,,,,,,,,,,,,,,true,,,,,,
2026-07-06,,,,,2,false,,,,,,,,,,,,,,,,,,,,,,,true,,,,,,,,"had to lie down, took ibuprofen.",,,,,,,,,,,
2026-07-07,36.3,false,,,2,false,,,,,,,,,,,,,,,,,,,,,,,,,,,,,,,,,,,,,,,,,,
2026-07-08,,,,,1,false,,,,,,,,,,,,,,,,,,,,,,,,,,,,,,,,,,,,,,,,,,
2026-07-09,,,,,1,true,,,,,,,,,,,,,,,,,,,,,,,,,,,,,,,,,,,,,,,,,,
2026-07-10,,,,,,,,,,,,,,,,,,,,,,,,,,,,,,,,,,,,,,,,,,,,,,,,
2026-07-11,,,,,,,,,,,,,,,,,,,,,,,,,,,,,,,,,,,,,,,,,,,,,,,,
2026-07-12,,,,,,,,,,,,,,,,,,,,,,,,,,,,,,,,,,,,,,,,,,,,,,,,
2026-07-13,,,,,,,,,,,,,,,,,,,,,,,,,,,,,,,,,,,,,,,,,,,,,,,,
2026-07-14,,,,,,,,,,,,,,,,,,,,,,,,,,,,,,,,,,,,,,,,,,,,,,,,
2026-07-15,,,,,,,2,1,2,false,1,2,1,false,,,,,,,,,,,,,,,,,,,,,,,,,,,,,,,,,,
2026-07-16,,,,,,,2,3,3,false,,,,,,,,,,,,,,,,,,,,,,,,,,,,,,,,,,,,,,
2026-07-17,,,,,,,,,,,,,,,,2,,true,true,,,,,,,,,"with condom, quite good",,,,,,,,,,,,,,,,,,,,
2026-07-18,36.5,false,,,,,,,,,,,,,,,,,,,,,,,,,,,,,,,,,,,,,,,,,,,,,,
2026-07-19,,,,,,,,,,,,,,,,,,,,,,,,,,,,,,,,,,,,,,,,,,,,,,,,
2026-07-20,,,,,,,,,,,,,,,"headache in the morning, still felt good afterwards.",,,,,,,,,,,,,,,,,,,,,,,true,,,,,,true,,,,
2026-07-21,,,,,,,,,,,,,,,,,,,,,,,,,,,,,,,,,,,,,,,,,,,,,,,,
2026-07-22,,,,,,,,,,,,,,,,,,,,,,,,,,,,,,,,,,,,,,,,,,,,,,,,
2026-07-23,,,,,,,,,,,,,,,,,,,,,,,,,,,,,,,,,,,,,,,,,,,,,,,,
2026-07-24,,,,,,,,,,,,,,,,,,,,,,,,,,,,,,,,,,,,,,,,,,,,,,,,
2026-07-25,,,,,,,,,,,,,,,,,,,,,,,,,,,,,,,,,,,,,,,,,,,,,,,,
2026-07-26,,,,,,,,,,,,,,,,,,,,,,,,,,,,,,,,,,,,,,,,,,,,,,,,
2026-07-27,,,,,,,,,,,,,,,,,,,,,,,,,,,,,,,,,,,,,,,,,,,,,,,,
2026-07-28,,,,,,,,,,,,,,,,,,,,,,,,,,,,,,,,,,true,,,,,,true,,,,,,,,deadline stress
2026-07-29,,,,,,,,,,,,,,,,,,,,,,,,,,,,,,,,,,,,,,,,,,,,,,,,
2026-07-30,,,,,,,,,,,,,,,,,,,,,,,,,,,,,,,,,,,,,,,,,,,,,,,,
2026-07-31,,,,,,,,,,,,,,,,,,,,,,,,,,,,,,,,,,,,,,,,,,,,,,,,
2026-08-01,,,,,,,,,,,,,,,,,,,,,,,,,,,,,,,,,,,,,,,,,,,,,,,,
2026-08-02,36.2,false,06:50,,2,false,,,,,,,,,,,,,,,,,,,,,,,,,,,,,,,,,,,,,,,,,,
2026-08-03,,,,,2,false,,,,,,,,,,,,,,,,,,,,,,,,,true,,,,,,,,,,,,,,,,,
2026-08-04,,,,,1,false,,,,,,,,,,,,,,,,,,,,,,,,,,,,,,,,,,,,,,,,,,
2026-08-05,,,,,1,false,,,,,,,,,,,,,,,,,,,,,,,,,,,,,,,,,,,,,,,,,,
2026-08-06,,,,,,,,,,,,,,,,,,,,,,,,,,,,,,,,,,,,,,,,,,,,,,,,
2026-08-07,,,,,,,,,,,,,,,,,,,,,,,,,,,,,,,,,,,,,,,,,,,,,,,,
2026-08-08,,,,,,,,,,,,,,,,,,,,,,,,,,,,,,,,,,,,,,,,,,,,,,,,
2026-08-09,,,,,,,,,,,,,,,,,,,,,,,,,,,,,,,,,,,,,,,,,,,,,,,,
2026-08-10,,,,,,,,,,,,,,,,,,,,,,,,,,,,,,,,,,,,,,,,,,,,,,,,
2026-08-11,,,,,,,,,1,false,,,,,,,,,,,,,,,,,,,,,,,,,,,,,,,,,,,,,,
2026-08-12,,,,,,,,,,,,,,,,,,,,,,,,,,,,,,,,,,,,,,,,,,,,,,,,
2026-08-13,,,,,,,,2,2,false,1,,2,false,,,,,,,,,,,,,,,,,,,,,,,,,,,,,,,,,,
2026-08-14,,,,,,,,,,,,,,,,,,,,,,,,,,,,,,,,,,,,,,,,,,,,,,,,
2026-08-15,,,,,,,,,,,,,,,,,,,,,,,,,,,,,,,,,,,,,,,,,,,,,,,,
2026-08-16,,,,,,,,,,,,,,,,,,true,false,false,,,,,,,,,,,,,,,,,,,,,,,,,,,,
2026-08-17,,,,,,,,,,,,,,,,,,,,,,,,,,,,,,,,,,,,,,,,,,,,,,,,
2026-08-18,,,,,,,,,,,,,,,,,,,,,,,,,,,,,,,,,,,,,,,,,,,,,,,,
2026-08-19,,,,,,,,,,,,,,,,,,,,,,,,,,,,,,,,,,,,,,,,,,,,,,,,
2026-08-20,,,,,,,,,,,,,,,,3,,,,,,,,,,,,,,,,,,,,,,true,,,,,,true,,,,
2026-08-21,,,,,,,,,,,,,,,,,,,,,,,,,,,,,,,,,,,,,,,,,,,,,,,,
2026-08-22,,,,,,,,,,,,,,,,,,,,,,,,,,,,,,,,,,,,,,,,,,,,,,,,
2026-08-23,,,,,,,,,,,,,,,,,,,,,,,,,,,,,,,,,,,,,,,,,,,,,,,,
2026-08-24,,,,,,,,,,,,,,,,,,,,,,,,,,,,,,,,,,,,,,,,,,,,,,,,
2026-08-25,,,,,,,,,,,,,,,,,,,,,,,,,,,,,,,,,,true,,,tender in the evening,,,,,,,,,,,
2026-08-26,,,,,,,,,,,,,,,,,,,,,,,,,,,,,,,,,,,,,,,,,,,,,,,,
2026-08-27,,,,,,,,,,,,,,,,,,,,,,,,,,,,,,,,,,,,,,,,,,,,,,,,
2026-08-28,,,,,,,,,,,,,,,,,,,,,,,,,,,,,,,,,,,,,,,,,,,,,,,,
2026-08-29,,,,,,,,,,,,,,,,,,,,,,,,,,,,,,,,,,,,,,,,,,,,,,,,
2026-08-30,36.2,false,,,2,false,,,,,,,,,,,,,,,,,,,,,,,,,,,,,,,,,,,,,,,,,,
2026-08-31,,,,,2,false,,,,,,,,,,,,,,,,,,,,,,,,,,,,,,,,,,,,,true,,,,,first day jitters
2026-09-01,,,,,1,false,,,,,,,,,,,,,,,,,,,,,,,,,,,,,,,,,,,,,,,,,,
2026-09-02,,,,,1,false,,,,,,,,,,,,,,,,,,,,,,,,,,,,,,,,,,,,,,,,,,
2026-09-03,,,,,,,,,,,,,,,,,,,,,,,,,,,,,,,,,,,,,,,,,,,,,,,,
2026-09-04,,,,,,,,,,,,,,,,,,,,,,,,,,,,,,,,,,,,,,,,,,,,,,,,
2026-09-05,,,,,,,,,,,,,,,,,,,,,,,,,,,,,,,,,,,,,,,,,,,,,,,,
2026-09-06,,,,,,,,,,,,,,,,,,,,,,,,,,,,,,,,,,,,,,,,,,,,,,,,
2026-09-07,,,,,,,,,,,,,,,,,,,,,,,,,,,,,,,,,,,,,,,,,,,,,,,,
2026-09-08,,,,,,,,,,,,,,,,,,,,,,,,,,,,,,,,,,,,,,,,,,,,,,,,
2026-09-09,,,,,,,,,,,,,,,,,,,,,,,,,,,,,,,,,,,,,,,,,,,,,,,,
2026-09-10,,,,,,,1,1,2,false,,,,,,,,,,,,,,,,,,,,,,,,,,,,,,,,,,,,,,
2026-09-11,,,,,,,,,,,,,,,,,,,,,,,,,,,,,,,,,,,,,,,,,,,,,,,,
2026-09-12,,,,,,,,,,,,,,,,,true,,,,,,,,,,,morning,,,,,,,,,,,,,,,,,,,,
2026-09-13,36.7,true,,measured late,,,,,,,,,,,,,,,,,,,,,,,,,,,,,,,,,,,,,,,,,,,,
2026-09-14,,,,,,,,,,,,,,,,,,,,,,,,,,,,,,,,,,,,,,,,,,,,,,,,
2026-09-15,,,,,,,,,,,,,,,"cramps again, expecting menses soon.",,,,,,,,,,,,,,,,,,,,,,,,,,,,,,,,,